Document,Page,Block,WordCount,Text
DDDD & DD.pdf,1,1,24,DDDD & DD Dynamicznie Dedukowane Drzewa Decyzyjne & Detekcja Dyferencji. Wspomaganie Podejmowania Decyzji w Sprzedaży Biżuterii. Narzędzie Wizualizacji Preferencji Klientów. Patryk Lange Uniwersytet SWPS.
DDDD & DD.pdf,2,1,24,"W branży jubilerskiej, gdzie decyzje o zarządzaniu asortymentem i. pozycjonowaniu często pojedynczych sztuk produkt bywa działaniem. instynktownym, zastosowanie zaawansowanych metod analizy danych, takich jak."
DDDD & DD.pdf,2,2,27,"Proces Hierarchii Analitycznej (AHP), nabiera szczególnego znaczenia. Wraz z postępem narzędzi analitycznych w biznesie, szczególnie w erze Sztucznej. Inteligencji, odchodzimy od interpretowania średnich i median na rzecz."
DDDD & DD.pdf,2,3,46,"złożonych metod statystycznych czy nie wyjaśnialnego uczenia maszynowego. W oparciu o metodę AHP, prezentowane narzędzie wizualizuje hierarchię. preferencji klientów oraz umożliwia porównanie tych preferencji pozwalając. użytkownikowi na swobodny dobór poziomów drzewa, zakresów tolerancji czy. sposobów reprezentacji danych Metodologia Model AHP został zaimplementowany przy użyciu języka skryptowego."
DDDD & DD.pdf,2,4,28,"Python, korzystając z bibliotek takich jak pandas, numpy i matplotlib. Model opiera się na trójstopniowej hierarchii preferencji, którą użytkownik. może ustawić na jakąkolwiek kombinacje dostępnych kolumn. Na potrzeby"
DDDD & DD.pdf,2,5,25,"omówienia, za przykład weźmy wybór następujących trzech kolumn:. - Poziom 1 ‘Typ Biżuterii’ np. Kolczyki, Zawieszka - Poziom 2 ‘Podtyp’ np. Wiszące, Kółka, Zodiak, Medalik."
DDDD & DD.pdf,2,6,28,"- Poziom 3 ‘Kamienie’ np. Cyrkonia, Brylant, Gładkie(brak) Użytkownik wybiera również Kolumnę agregującą oraz typ agregacji - w. naszym przypadku będzie to ‘Cena Brutto’ oraz ‘Suma’. Wewnątrz każdego"
DDDD & DD.pdf,2,7,26,"poziomu dane są agregowane dla każdej grupy wewnątrz każdego poziomu oraz. skalowane wybranym algorytmem reprezentując wagi decyzyjne klientów, które. są następnie wizualizowane w postaci drzewa AHP."
DDDD & DD.pdf,3,1,20,Python W zależności od potrzeb obliczone już wagi można reprezentować w. różnych skalach lub nawet surowych wartościach. Ważnym jest również
DDDD & DD.pdf,3,2,47,"zauważyć, że każda kolejna grupa jest mniejsza - obliczając wagi dla. kolejnych poziomów zawężamy ilość dostępnych danych. Na powyższym przykładzie widzimy zagregowane sumy brutto przeskalowane algorytmem. MinMaxScaler() Powyższe wagi jednak mogą mylić, gdyż wkład ‘Łańcuszka’. oraz ‘Pierścionka’ jest na podobnym poziomie - oba otrzymują wagę bliską 1."
DDDD & DD.pdf,3,3,28,"(Maksymalnej) Problem jest również widoczny na dalszych poziomach, w. których wagi odnoszą się do wartości Maksymalnej wewnątrz swojego rodzica,. w efekcie czego użytkownik, aby dogłębnie zinterpretować wizualizacje musi."
DDDD & DD.pdf,3,4,84,"przeliczać relatywny udział podkategorii w głowie. Całe szczęście program posiada również przyjaźniejsze dla oka. ustawienia Zastosowane rozwiązanie skaluje wagi w taki sposób, aby dawały. łączną sumę VOTE_AMOUNT Poniżej skonstruujemy drzewo które reprezentuję. zagregowaną kolumnę za pomocą przechodnich na dzieci ‘głosów’. SET_SCALER = RobustScaler() VOTE_SCALER_INSTEAD = True SHARE_VOTES_WITH_PARENT = False VOTE_AMOUNT = 100 GOAL_NAME, COL_GOAL = 'Sprzedaż', 'Cena brutto'. COL_LV_1, COL_LV_2, COL_LV_3 = 'Asortyment_baza', 'Asortyment_spec', 'TypKamień'. GOAL_FUNC = 'sum' AHP_LIM1, AHP_LIM2, AHP_LIM3 = 10, 2. 5, 0 5 CONDITION_COLUMN, DATASET_1_CONDITION, DATASET_2_CONDITION = ""Województwo"", ""Mazowieckie"",. ""Śląskie"""
DDDD & DD.pdf,4,1,27,Liczba Głosujących jest dedykowanym rozwiązaniem które skaluje. zagregowaną wartość od 0 do 100 która jest przechodnia z wyższymi. poziomami W efekcie otrzymujemy ścieżki decyzyjne dla naszej setki.
DDDD & DD.pdf,4,2,29,"klientów w bardziej instynktownej wizualizacji. Teraz historia jest jasna. Na sto klientów w województwie Mazowieckim. 19 z nich sięgnie po Kolczyki, dalej 8 z 19 weźmie Wiszące a wśród."
DDDD & DD.pdf,4,3,24,wiszących 3 z nich będzie z cyrkonią a 3 bez. Zauważamy natychmiast że sumy. widocznych kategorii nie składają się na całość wartości rodzica. Do
DDDD & DD.pdf,4,4,21,użytkownika należy ustawienie progów dla każdego poziomu od których. będziemy definiować ‘ważne’ decyzje. Limity te są widoczne w tytule i służą.
DDDD & DD.pdf,4,5,28,jako pomoc w odfiltrowywaniu niepotrzebnych danych. Ważnym jest ich świadomy dobór w zależności od reprezentowanych wartości - dla wag. przeskalowanych MinMaxScaler() należałoby podać wartość w przedziale od 0.
DDDD & DD.pdf,5,1,24,"do 1 W rozwiązaniu z liczbą głosujących, skoro maksymalną wartością jest. 100, możemy wyobrazić sobie limity 10, 2 oraz 1 - pokazując te ścieżki."
DDDD & DD.pdf,5,2,49,"które mają co najmniej 10 głosów w poziomie 1, 2 głosy w poziomie 2 oraz 1. głos w poziomie 3. Rysowane są tylko te decyzje, które spełniają wszystkie. warunki, to jest - nie zobaczymy dziecka na poziomie 3 który spełnia. warunki jeśli rodzice również tychże warunków nie spełniają. Poniżej"
DDDD & DD.pdf,5,3,48,"zobaczymy zachowanie w różnych wartościach. Nie można zapomnieć o tym, że nasze 100 klientów to w tym momencie. przeskalowane sumy cen brutto które teoretyczni Mazowszanie zapłacili. Kod jest przystosowany do jakichkolwiek danych numerycznych oraz typu agregacji. w celach obliczenia wag oraz daje całkowitą swobodę w ustawieniu poziomów w."
DDDD & DD.pdf,5,4,52,"których decyzje chcemy przedstawić. Nie trudno sobie wyobrazić tworzenie. ścieżek dla różnych płci, wieku, zakresów cenowych, obecności i wysokości. rabatu czy pory roku. W wyborze agregacji nic nie stoi na przeszkodzie aby. zamiast sumować wartości produktów - liczyć klientów czy sumować wagi. poszczególnych kruszców Kluczowym dla całego narzędzia, poza samą wizualizacją ścieżek."
DDDD & DD.pdf,5,5,29,"decyzyjnych jest automatyczny zapis, odczyt i podział danych, który pozwala. na przekazywanie obliczonych wag do porównania. Wśród wspomnianych ustawień użytkownika pojawia się wyraźne zapytanie o podział w kolumnie Województwo."
DDDD & DD.pdf,5,6,53,"na Mazowieckie i Śląskie. Dla każdego z warunków, dane wejściowe są. czytane, filtrowane, agregowane i ważone oddzielnie, co pozwala nam. porównywać ze sobą nierówne lub wybrakowane zbiory, gdyż wagi są relatywne. tylko wewnątrz zbioru (możemy wpuścić 100 klientów na 5 par kolczyków). Ciężko jednak sobie zwizualizować nałożenie na siebie dwóch drzew w celu."
DDDD & DD.pdf,6,1,49,"identyfikacji różnic między nimi. Z tego właśnie powodu surowe wagi. obliczone dla drzew są przekazywane dalej i porównywane statystycznie. Wykres słupkowy, który jest rezultatem drugiej części kodu, ukazuje. procentową zmianę w wagach decyzyjnych dla każdego z poziomów. Jest to przedstawione za poziomych słupków, gdzie każdy kolor reprezentuje jedno z."
DDDD & DD.pdf,6,2,41,"dwóch kryteriów, tu - województwo. Rozciąganie słupka na prawo lub lewo. wskazuje na odpowiednio wyższą różnicę w wagach pomiędzy oboma zbiorami. Ten wykres jest jest generowany na podstawie obliczonych dla AHP wag,. jednak nie jest ograniczony limitami które ustawialiśmy do wizualizacji."
DDDD & DD.pdf,6,3,31,"drzewa Wykres słupkowy przyjmuje oddzielne wartości limitów od których. zacznie wizualizacje Powyżej jest przedstawione porównanie wag drugiego. poziomu, które wygenerowaliśmy wraz z wcześniejszymi dwoma drzewami. Dla uproszczenia, wyświetlam odchylenia powyżej 80%."
DDDD & DD.pdf,7,1,20,"Nie wchodząc zbytnio w szczegóły, zauważamy na przykład to, że. Mazowszanie preferują prostsze zawieszki z Cyrkoniami oraz unikają pereł a."
DDDD & DD.pdf,7,2,24,"Ślązacy preferują zawieszki wymyślne i lżejsze bransoletki celebrytki. Wykorzystanie dynamicznych drzew decyzyjnych pozwala na głęboką i. instynktowną analizę preferencji klientów, identyfikując kluczowe różnice w."
DDDD & DD.pdf,7,3,25,"decyzjach zakupowych i nie tylko. Nie trudno wyobrazić sobie porównanie. pomiędzy tym co do sklepu się kupuje a tym, co kupują w nim klienci. Można"
DDDD & DD.pdf,7,4,22,też porównać jeden sklep wobec wszystkich innych i zyskać w prosty sposób. informacje które wspomogą przemyślaną decyzję. Narzędzie to może być użyte.
DDDD & DD.pdf,7,5,24,"do optymalizacji zapasów, planowania promocji, ustalania strategii. cenowych, a nawet projektowania układu sklepów. Dzięki dynamicznemu charakterowi modelu AHP, narzędzie to ma ogromny potencjał w."
DDDD & DD.pdf,7,6,46,"najróżniejszych zastosowaniach biznesowych Przypadki Użycia i Korzyści. Zastosowanie narzędzia AHP w sprzedaży biżuterii nie ogranicza się. jedynie do analizy danych sprzedażowych. Może ono również służyć do. przewidywania trendów, optymalizacji asortymentu w sklepie w zależności od. sezonu czy okazji, a także do personalizacji oferty dla klientów. Korzyści"
DDDD & DD.pdf,7,7,23,z jego zastosowania obejmują:. ● Lepsze zrozumienie potrzeb i preferencji klientów. ● Zwiększenie efektywności zarządzania zapasami. ● Wzmocnienie strategii marketingowych poprzez ukierunkowanie działań.
DDDD & DD.pdf,7,8,26,na najbardziej dochodowe kategorie produktów. ● Optymalizacja cen i promocji w oparciu o dokładną analizę danych. Rozwój narzędzia AHP do analizy danych w branży jubilerskiej stanowi.
DDDD & DD.pdf,7,9,26,"przełom w sposobie podejmowania decyzji. Jego wdrożenie pozwala na. systematyczne podejście do danych sprzedażowych, przekształcając je w. użyteczną wiedzę, która wspiera rozwój biznesu. Rekomenduje się dalszy"
DDDD & DD.pdf,7,10,24,"rozwój i dostosowanie narzędzia do specyficznych potrzeb branży, co może. przyczynić się do jeszcze lepszego zrozumienia rynku i skuteczniejszego. reagowania na zmieniające się warunki."
DDDD & DD.pdf,8,1,25,"Narzędzie to zostało opracowane przez zespół ekspertów IT. specjalizujących się w branży jubilerskiej, z pasją do tworzenia rozwiązań,. które ułatwiają podejmowanie informowanych decyzji biznesowych. Projekt"
DDDD & DD.pdf,8,2,59,"został zrealizowany przy współpracy z lokalnymi przedsiębiorstwami. jubilerskimi, które dostarczyły dane i wsparcie w testowaniu. funkcjonalności narzędzia Informacje Kontaktowe [Zespół IT - nazwa firmy]. [Adres e-mail] [Numer telefonu] [Adres strony internetowej] Deklaracja Prezentowane wyniki i analizy oparte są na rzeczywistych danych. sprzedażowych, zanonimizowanych w celu zachowania poufności informacji. biznesowych Projekt został zrealizowany z zachowaniem najwyższych. standardów etycznych i profesjonalnych."
"Latające Taksówki - Wdrażanie Innowacji  - Projekt (Lange, 67619).pdf",2,1,53,"2 Automatyzacja w lotnictwie nie jest niczym nowym - czym mniej wymagamy od pilota. tym bezpieczniej dla niego, podróżujących jak i samej maszyny. Różne formy stabilizacji potrafiły utrzymać samolot w stałym kursie, wysokości i prędkości na podstawie żyroskopów już. w latach 40-tych, a dekadę później w samolotach wojskowych do pakietu dołączyły już pierwsze."
"Latające Taksówki - Wdrażanie Innowacji  - Projekt (Lange, 67619).pdf",2,2,52,"automatyczne systemy startu i lądowania. Teraz, w 2024 roku widząc słynne Tesle nawet na. polskich drogach, nie trudno wyobrazić sobie podobny koncept taksówek w powietrzu, gdzie. ilość interakcji ze środowiskiem jest dużo mniejsza i agregowalna do znanych nam zasad fizyki. Automatyzacja w lotnictwie jest na różnym poziomie wszechobecna - myśląc o powietrznych."
"Latające Taksówki - Wdrażanie Innowacji  - Projekt (Lange, 67619).pdf",2,3,53,"taksówkach powinniśmy myśleć nie tylko o aspektach technologicznych, ale również skutkach. społecznych, ekonomicznych i psychologicznych. Wstęp teoretyczny Jak wiele innych, branża lotnicza również stawia czoło wobec rozwoju technologii. Sztucznej Inteligencji (SI) oraz możliwości i wyzwań które ta fala rozwoju przynosi. Z jednej strony, SI oferuje obietnicę zwiększonej efektywności i bezpieczeństwa, co jest szczególnie."
"Latające Taksówki - Wdrażanie Innowacji  - Projekt (Lange, 67619).pdf",2,4,84,"istotne w obliczu rosnącego zapotrzebowania na transport lotniczy i niedoboru. wykwalifikowanych pilotów (Talley, 2020). Z drugiej strony, wprowadzenie autonomicznych. systemów rodzi pytania dotyczące zaufania i bezpieczeństwa operacyjnego, a także. potencjalnego wpływu na rynek pracy w sektorze lotniczym (Carroll i Dahlstrom, 2021). Jednym z głównych wyzwań dla przyjęcia automatyzacji w lotnictwie jest budowanie. zaufania publicznego Rozważając przyszłość powietrznych taksówek i innych autonomicznych. systemów lotniczych, kluczowe staje się zrozumienie, jak zarówno potencjalni użytkownicy, jak. i pracownicy branży lotniczej postrzegają te zmiany (Weitering, 2023). Analiza tych wyzwań"
"Latające Taksówki - Wdrażanie Innowacji  - Projekt (Lange, 67619).pdf",3,1,27,3 oraz projektowanych im rozwiązań jest konieczna dla lepszego zrozumienia przyszłości. transportu lotniczego Istniejące rozwiązania W ostatnich latach badania skupiające się na adaptacji SI w transporcie powietrznym.
"Latające Taksówki - Wdrażanie Innowacji  - Projekt (Lange, 67619).pdf",3,2,92,"szczególnie zyskały na znaczeniu. Istotnym aspektem tych badań jest społeczna akceptacja i. zaufanie do nowych technologii. Przegląd literatury naukowej ujawnia złożoność wyzwań oraz. potencjał możliwości, które niesie za sobą automatyzacja w lotnictwie, a eksperymentalne. badania - zarówno fizyczne symulacje lotów, jak i zadania z technikami projekcyjnymi -. dostarczają cennych wskazówek dotyczących projektowania i wdrażania tych nowoczesnych. technologii w przyszłości Sarah Talley, w swojej metaanalizie dotyczącej publicznego przyjęcia samolotów. autonomicznych (Self Flying Aircraft, SFA), ukazuje pozytywne nastawienie do tej technologii. (2020) Na podstawie istniejących prac, jej przegląd miał na celu zrozumienie, które czynniki."
"Latające Taksówki - Wdrażanie Innowacji  - Projekt (Lange, 67619).pdf",3,3,65,"wpływają na gotowość do korzystania np. z dronów spełniających zadania kurierskie. Jej badania za główne czynniki wykazały: korzyści środowiskowe, postrzeganą użyteczność, łatwość użycia. oraz zaufanie, jednakże, na drodze do akceptacji publicznej stoją obawy dotyczące. bezpieczeństwa, niezawodności oraz ochrony prywatności, jak i danych osobowych. Wynika z tego, że sukces wdrażania SFA zależy nie tylko od zaawansowania technologicznego, ale. również od budowania zaufania i rozwiewania obaw społecznych."
"Latające Taksówki - Wdrażanie Innowacji  - Projekt (Lange, 67619).pdf",3,4,41,"Badanie Papenfuss i in. (2023) dotyczące doświadczeń pasażerów w symulowanym locie. taksówką powietrzną wykorzystywało symulator mieszanej rzeczywistości (Augmented Reality,. AR), aby zapewnić uczestnikom realistyczne doświadczenie podróży. Skupiono się na analizie. wpływu obecności załogi na pokładzie oraz symulowanych sytuacji awaryjnych na wrażenia."
"Latające Taksówki - Wdrażanie Innowacji  - Projekt (Lange, 67619).pdf",4,1,20,"4 uczestników, podkreślając, że zaufanie i akceptacja są złożonymi, wielowymiarowymi. pojęciami Wyniki pokazały, że obecność personelu na pokładzie generalnie poprawia."
"Latające Taksówki - Wdrażanie Innowacji  - Projekt (Lange, 67619).pdf",4,2,96,"samopoczucie pasażerów, zwłaszcza w nietypowych sytuacjach, chociaż znajdowali się również. uczestnicy, którzy porównywali obecność członka załogi autonomicznego statku do. nieproszonego gościa w windzie. Uczestnicy badania zwracali większość uwagi na otrzymywane. informacje o statusie lotu i działaniach autopilota, szczególnie źle wspominając jego nagłe. manewry, które występowały podczas wzlotu, lądowania oraz unikania innych statków. powietrznych Mimo że symulacja odbywała się przy użyciu AR, badanie odbywało się. wewnątrz statycznej makiety powietrznej taksówki, a więc brakowało uczucia rzeczywistego. ruchu pojazdu korelującego z iluzją ruchu obrazu za oknem, co wpływało negatywnie na. samopoczucie uczestników Niemniej jednak, wyniki badań przeprowadzonych nawet na."
"Latające Taksówki - Wdrażanie Innowacji  - Projekt (Lange, 67619).pdf",4,3,24,niewielkiej grupie 30 osób wydają się obiecujące i wskazują na przydatność tego rodzaju. symulacji w dalszych badaniach. Symulacje te mogłyby również wskazać na potencjalne.
"Latające Taksówki - Wdrażanie Innowacji  - Projekt (Lange, 67619).pdf",4,4,55,"udoskonalenia w sposobie dostarczania informacji pilotom, wnosząc perspektywę. pasażerów-laików do ekskluzywnej dyskusji na temat interfejsów statków powietrznych (Carroll. i Dahlstrom, 2021) Zgadzając się z autorami, myślę że wyniki dalszych badań opartych na. symulacjach i wywiadach będą miały kluczowe znaczenie dla wdrażania tych technologii. Eksperyment ""AI Pilot in the Cockpit: An Investigation of Public Acceptance"" autorstwa."
"Latające Taksówki - Wdrażanie Innowacji  - Projekt (Lange, 67619).pdf",4,5,63,"Shan Gao i in. (2024) bada akceptację chińskiego społeczeństwa na obecność SI w kokpicie. samolotów pasażerskich Badani wypełniali ankiety online oparte o scenariusze, w których byli. proszeni o zapoznanie się z podstawami teoretycznymi SFA oraz o uczestnictwo w zadaniu. projekcyjnym Wyniki analizowały emocjonalne reakcje, zaufanie, akceptację ryzyka i gotowość. do korzystania z lotów z jednym pilotem (Single Pilot Operations, SPO), dwoma pilotami (Dual."
"Latające Taksówki - Wdrażanie Innowacji  - Projekt (Lange, 67619).pdf",5,1,24,"5 Pilot Operations, DPO) oraz ewentualną obecnością SI w kokpicie. Pasażerowie wyrażali obawy związane z potencjalnymi awariami, brakiem ludzkiej reakcji w sytuacjach kryzysowych oraz."
"Latające Taksówki - Wdrażanie Innowacji  - Projekt (Lange, 67619).pdf",5,2,142,"ogólnym poczuciem niepewności co do zdolności SI. Co interesujące, badacze odnotowali. spadek zaufania pasażerów, gdy do dwóch pilotów w kabinie dodaje się SI, co może wynikać z. obaw o możliwe konflikty w zadaniach i procedurach pomiędzy trzema agentami w jednym. interfejsie Badacze, zwracając uwagę na problematyczność wprowadzenia SI do kokpitów. samolotów, podkreślają potrzebę tworzenia takich algorytmów, które są wyjaśnialne. (Explainable AI), a ich intencje oraz procesy decyzyjne są jasno przedstawione zarówno pilotom,. jak i pasażerom Wyniki te podkreślają, że dla pełnej akceptacji SI w roli pilota, kluczowe jest. budowanie zaufania i zapewnienie odpowiednich środków bezpieczeństwa. Propozycja schematu badania Na podstawie analizy istniejących badań i kluczowych aspektów związanych z. akceptacją nowych technologii w lotnictwie, chciałbym zaproponować projekt badawczy, który. stara się łączyć najlepsze praktyki, jak i uzupełniać braki powyższych badań. Moim celem jest zrozumienie gotowości polskiej społeczności do przyjęcia i korzystania z powietrznych."
"Latające Taksówki - Wdrażanie Innowacji  - Projekt (Lange, 67619).pdf",5,3,28,"taksówek w najbliższej przyszłości. Projekt składa się z dwóch badań. Pierwszym jest ankieta wykonana na masową skalę,. która byłaby opracowana w oparciu o Model Akceptacji Technologii (Technology Acceptance."
"Latające Taksówki - Wdrażanie Innowacji  - Projekt (Lange, 67619).pdf",5,4,59,"Model, TAM), co pozwoliłoby na zebranie danych dotyczących postaw, emocji, zaufania i. akceptacji ryzyka związanego z tą technologią. Ankieta będzie stratyfikowana według różnych. demografii, takich jak wiek, płeć, wykształcenie, oraz doświadczenia z technologią czy podróżą. powietrzną oraz wykorzysta metody statystyczne, takie jak analiza czynnikowa, do oceny postaw. i percepcji Badani byliby zapoznani z kluczowymi aspektami działania tych pojazdów, ich."
"Latające Taksówki - Wdrażanie Innowacji  - Projekt (Lange, 67619).pdf",6,1,45,"6 bezpieczeństwem, potencjalnymi korzyściami, jak również z wyzwaniami, które niosą ze sobą. Następnie, aby wzbogacić ich zrozumienie i wywołać refleksję, uczestnicy zostaną wprowadzeni. w różnorodne scenariusze, konstruowane tak, aby odzwierciedlały potencjalnie realne sytuacje. Uczestnicy będą mieli okazję wyobrazić sobie, jak mogą wyglądać podróże, jakie wyzwania."
"Latające Taksówki - Wdrażanie Innowacji  - Projekt (Lange, 67619).pdf",6,2,29,"mogą napotkać, a także jakie decyzje mogliby podjąć w różnych sytuacjach. Drugim badaniem jest eksperyment w symulatorze, wykorzystujący zaawansowane. technologie AR które umożliwią realistyczne symulacje lotów i scenariuszy awaryjnych."
"Latające Taksówki - Wdrażanie Innowacji  - Projekt (Lange, 67619).pdf",6,3,43,"Eksperyment ten wyrośnie ponad dotychczasowe (Papenfuss i in. , 2023) poprzez dostosowanie. do badań symulatorów cywilnych kokpitów o pełnej swobodzie ruchu. Wykorzystanie tej technologii umożliwi poprawne zrozumienie reakcji fizycznych i emocjonalnych podczas. realistycznych przeciążeń i prawdziwego wrażenia kierunku ruchu, co jest kluczowe dla."
"Latające Taksówki - Wdrażanie Innowacji  - Projekt (Lange, 67619).pdf",6,4,27,"poprawnego działania błędnika, a co za tym idzie - trafnych badań, w których skupimy się na. metodach obserwacyjnych i analizie reakcji uczestników. Uczestnicy będą wpierw edukowani na."
"Latające Taksówki - Wdrażanie Innowacji  - Projekt (Lange, 67619).pdf",6,5,23,temat technologii i procedur związanych z autonomicznymi taksówkami powietrznymi na. poziomie nie mniejszym niż ci uczestniczący w ankiecie. Badani będą również postawieni w.
"Latające Taksówki - Wdrażanie Innowacji  - Projekt (Lange, 67619).pdf",6,6,75,"różnych symulowanych scenariuszach np. podczas normalnego lotu, w sytuacjach awaryjnych. czy podczas interakcji z SI. Symulowane scenariusze będą zaprojektowane tak, aby. odzwierciedlały szeroki zakres potencjalnych doświadczeń, od rutynowych operacji lotniczych. po sytuacje wymagające szybkiego reagowania i decyzji kryzysowych, a uzyskane dane zostaną. przeanalizowane za pomocą analizy tematycznej, koncentrując się na procesach emocjonalnych i. decyzyjnych uczestników Do obu badań uczestnicy będą rekrutowani za pośrednictwem platform internetowych i. mediów społecznościowych Celem projektu jest zintegrowanie wiedzy z psychologii,."
"Latające Taksówki - Wdrażanie Innowacji  - Projekt (Lange, 67619).pdf",7,1,44,"7 technologii i nauk społecznych, aby zapewnić holistyczne spojrzenie na wyzwania i możliwości,. jakie niesie ze sobą wprowadzenie autonomicznego transportu powietrznego. Wyniki tych badań będą miały kluczowe znaczenie dla przyszłego projektowania, wdrażania oraz komunikacji. związanej z tą futurystyczną technologią transportu dóbr, jak i osób."
"Latające Taksówki - Wdrażanie Innowacji  - Projekt (Lange, 67619).pdf",7,2,50,"Wnioski, zrozumienie problemów i wyzwań. Z przeprowadzonych badań i analiz wynikają istotne wnioski dotyczące roli SI w. kokpitach przyszłości Przede wszystkim, implementacja nowych technologii wymaga nie tylko. rozwoju technicznego, ale także budowania zaufania społecznego i ciągłego dostosowywania. doń narzędzia Badania dowodzą, że postawy społeczne odgrywają kluczową rolę w akceptacji i."
"Latające Taksówki - Wdrażanie Innowacji  - Projekt (Lange, 67619).pdf",7,3,45,"efektywnym wdrażaniu innowacji w lotnictwie i nie tylko. Po drugie, ważnym jest zrozumienie,. że chociaż SI ma potencjał znacznego zwiększenia efektywności i bezpieczeństwa podróży,. każda zmiana technologiczna pociąga za sobą konsekwencje psychologiczne, społeczne i. ekonomiczne Przejrzysta komunikacja, świadomość korzyści i ryzyka oraz zarządzanie nimi są."
"Latające Taksówki - Wdrażanie Innowacji  - Projekt (Lange, 67619).pdf",7,4,22,"niezbędne do publicznego przyjęcia tych technologii. Po trzecie, eksperymentalne badania, takie. jak symulacje lotów wykorzystujące technologię AR, są niezastąpione w zrozumieniu potrzeb."
"Latające Taksówki - Wdrażanie Innowacji  - Projekt (Lange, 67619).pdf",7,5,27,"oraz oczekiwań pasażerów, jak i identyfikacji i rozwiązywaniu problemów, które mogą pozostać. niezauważone na etapie teoretycznym. W przyszłości, w której powietrzne taksówki staną się powszechnością, istotne będzie."
"Latające Taksówki - Wdrażanie Innowacji  - Projekt (Lange, 67619).pdf",7,6,37,"zrównoważenie zaawansowania technologii wobec ludzkiego zaufania i odczuć. Interdyscyplinarne badania, łączące innowacje techniczne z głębokim zrozumieniem. społecznych i psychologicznych aspektów, będą niezbędne do stworzenia bezpiecznej,. efektywnej i akceptowanej formy transportu powietrznego. Osiągnięcie tej harmonii to nie tylko."
"Latające Taksówki - Wdrażanie Innowacji  - Projekt (Lange, 67619).pdf",9,1,167,"9 Bibliografia Carroll, M , Dahlstrom, N (2021) Human computer interaction on the modern flight deck. International Journal of Human-Computer Interaction, 37, 585-587. https://doi org/10 1080/10447318 2021 1890495 Gao, S , Lu, Z , Luan, H , Yin, M , Wang, L (2024) AI pilot in the cockpit: An investigation of. public acceptance International Journal of Human-Computer Interaction, 1-14. https://doi org/10 1080/10447318 2024 2301856 Papenfuss, A , Stolz, M , Riedesel, N , Dunkel, F , Ernst, J M , Laudien, T , Lenz, H , Korkmaz, A , End, A , Schuchardt, B I (2023) Experiencing urban air mobility: How passengers. evaluate a simulated flight with an air taxi. arXiv preprint arXiv:2311 01079 SKYbrary (b d ) Cockpit automation - Advantages and safety challenges. Pobrane 29 stycznia 2024 z https://skybrary aero/articles/cockpit-automation-advantages-and-safety-challenges Talley, S M (2020) Public acceptance of AI technology in self-flying aircraft. Journal of Aviation/Aerospace Education & Research, 29(1), 49-64. Weitering, H (2023) Beyond automation: How artificial intelligence is transforming aviation. https://www futureflight aero/news-article/2023-07-13/beyond-automation-how-artificial- intelligence-transforming-aviation"
Ustawa.pdf,1,1,104,"©Kancelaria Sejmu s 1/15 2023-09-21 U S T AWA. z dnia 24 czerwca 1994 r. o własności lokali Rozdział 1 Przepisy ogólne Art 1 1 Ustawa określa sposób ustanawiania odrębnej własności. samodzielnych lokali mieszkalnych, lokali o innym przeznaczeniu, prawa i obowiązki. właścicieli tych lokali oraz zarząd nieruchomością wspólną. 2 W zakresie nieuregulowanym ustawą do własności lokali stosuje się przepisy. Kodeksu cywilnego Art 1a Ilekroć w ustawie jest mowa o właścicielu lokalu, należy przez to. rozumieć także współwłaściciela lokalu w częściach ułamkowych, z wyjątkiem. art 16 Art 2 1 Samodzielny lokal mieszkalny, a także lokal o innym przeznaczeniu,. zwane dalej „lokalami”, mogą stanowić odrębne nieruchomości."
Ustawa.pdf,1,2,47,"1a Ustanowienie odrębnej własności samodzielnego lokalu następuje zgodnie. z ustaleniami miejscowego planu zagospodarowania przestrzennego albo treścią. decyzji o warunkach zabudowy i zagospodarowania terenu [albo uchwały o ustaleniu. lokalizacji inwestycji mieszkaniowej] oraz zgodnie z pozwoleniem na budowę albo. skutecznie dokonanym zgłoszeniem, i zgodnie z pozwoleniem na użytkowanie albo."
Ustawa.pdf,1,3,30,skutecznie dokonanym zawiadomieniem o zakończeniu budowy. 1b Przepisu ust 1a nie stosuje się do budynków istniejących przed dniem. 1 stycznia 1995 r. lub wybudowanych na podstawie pozwolenia na budowę wydanego.
Ustawa.pdf,1,4,22,przed tą datą 1c Odrębną nieruchomość w budynku mieszkalnym jednorodzinnym mogą. stanowić co najwyżej dwa samodzielne lokale mieszkalne. Ograniczenie to nie ma.
Ustawa.pdf,1,5,40,"Opracowano na podstawie: t. j Dz U z 2021 r poz 1048, z 2023 r. poz 1688 Zmiana w ust 1a w art 2 wejdzie w życie z dn. 1 01 2026 r (Dz U z 2023 r poz 1688)"
Ustawa.pdf,2,1,44,"©Kancelaria Sejmu s 2/15 2023-09-21 zastosowania do budynków, które zostały wybudowane na podstawie pozwolenia na. budowę wydanego przed dniem 11 lipca 2003 r. 2 Samodzielnym lokalem mieszkalnym, w rozumieniu ustawy, jest wydzielona. trwałymi ścianami w obrębie budynku izba lub zespół izb przeznaczonych na stały."
Ustawa.pdf,2,2,98,"pobyt ludzi, które wraz z pomieszczeniami pomocniczymi służą zaspokajaniu ich. potrzeb mieszkaniowych Przepis ten stosuje się odpowiednio również do. samodzielnych lokali wykorzystywanych zgodnie z przeznaczeniem na cele inne niż. mieszkalne 3 Spełnienie wymagań, o których mowa w ust. 1a–2, stwierdza starosta w formie zaświadczenia 4 Do lokalu mogą przynależeć, jako jego części składowe, pomieszczenia,. choćby nawet do niego bezpośrednio nie przylegały lub były położone w granicach. nieruchomości gruntowej poza budynkiem, w którym wyodrębniono dany lokal,. a w szczególności: piwnica, strych, komórka, garaż, zwane dalej „pomieszczeniami. przynależnymi” 5 Lokale wraz z pomieszczeniami do nich przynależnymi zaznacza się na rzucie."
Ustawa.pdf,2,3,53,"odpowiednich kondygnacji budynku, a w razie położenia pomieszczeń przynależnych. poza budynkiem mieszkalnym – także na wyrysie z operatu ewidencyjnego;. dokumenty te stanowią załącznik do aktu ustanawiającego odrębną własność lokalu. 6 W razie braku dokumentacji technicznej budynku, zaznaczeń, o których mowa. w ust 5, dokonuje się, zgodnie z wymogami przepisów prawa budowlanego, na koszt."
Ustawa.pdf,2,4,25,"dotychczasowego właściciela nieruchomości, o ile strony umowy o ustanowienie. odrębnej własności lokalu nie postanowiły inaczej. Art 3 1 W razie wyodrębnienia własności lokali właścicielowi lokalu."
Ustawa.pdf,2,5,23,"przysługuje udział w nieruchomości wspólnej jako prawo związane z własnością. lokali Nie można żądać zniesienia współwłasności nieruchomości wspólnej, dopóki. trwa odrębna własność lokali."
Ustawa.pdf,2,6,26,"2 Nieruchomość wspólną stanowi grunt oraz części budynku i urządzenia, które. nie służą wyłącznie do użytku właścicieli lokali. 3 Udział właściciela lokalu wyodrębnionego w nieruchomości wspólnej."
Ustawa.pdf,2,7,33,odpowiada stosunkowi powierzchni użytkowej lokalu wraz z powierzchnią. pomieszczeń przynależnych do łącznej powierzchni użytkowej wszystkich lokali wraz. z pomieszczeniami do nich przynależnymi. Udział właściciela samodzielnych lokali. niewyodrębnionych w nieruchomości wspólnej odpowiada stosunkowi powierzchni.
Ustawa.pdf,3,1,44,"©Kancelaria Sejmu s 3/15 2023-09-21 użytkowej tych lokali wraz z powierzchnią pomieszczeń przynależnych do łącznej. powierzchni użytkowej wszystkich lokali wraz z pomieszczeniami do nich. przynależnymi 3a Na potrzeby stosowania ustawy przyjmuje się, że udział w nieruchomości. wspólnej współwłaściciela lokalu w częściach ułamkowych odpowiada iloczynowi."
Ustawa.pdf,3,2,30,"wielkości jego udziału we współwłasności lokalu i wielkości udziału we. współwłasności nieruchomości wspólnej przypadającej na ten lokal. 4 Do wyznaczenia stosunku, o którym mowa w ust. 3, niezbędne jest określenie,."
Ustawa.pdf,3,3,26,"oddzielnie dla każdego samodzielnego lokalu, jego powierzchni użytkowej wraz. z powierzchnią pomieszczeń do niego przynależnych. 5 Jeżeli nieruchomość, z której wyodrębnia się własność lokali, stanowi grunt."
Ustawa.pdf,3,4,24,"zabudowany kilkoma budynkami, udział właściciela lokalu wyodrębnionego. w nieruchomości wspólnej odpowiada stosunkowi powierzchni użytkowej lokalu. wraz z powierzchnią pomieszczeń przynależnych do łącznej powierzchni użytkowej."
Ustawa.pdf,3,5,26,wszystkich lokali wraz z pomieszczeniami do nich przynależnymi. 6 W wypadku gdy na podstawie jednej czynności prawnej dokonanej przez. właściciela lub przez wszystkich współwłaścicieli nieruchomości następuje.
Ustawa.pdf,3,6,92,"wyodrębnienie wszystkich lokali, wysokość udziałów, o których mowa w ust. 1, określają odpowiednio w umowie właściciel lub współwłaściciele. 7 W budynkach, w których nastąpiło wyodrębnienie własności co najmniej. jednego lokalu i ustalenie wysokości udziałów w nieruchomości wspólnej bez. uwzględnienia powierzchni pomieszczeń przynależnych lub w sposób inny niż okreś-. lony w ust 3, a przy wyodrębnianiu kolejnych lokali ustalano wysokość udziałów. w nieruchomości wspólnej w taki sam sposób, do czasu wyodrębnienia ostatniego. lokalu stosuje się zasady obliczania udziału w nieruchomości wspólnej takie, jak przy. wyodrębnieniu pierwszego lokalu Przepisu zdania poprzedzającego nie stosuje się,."
Ustawa.pdf,3,7,60,"jeżeli wszyscy właściciele lokali wyodrębnionych i dotychczasowy właściciel. nieruchomości dokonają w umowie nowego ustalenia wysokości udziałów. w nieruchomości wspólnej Art 3a 1 Przy oddawaniu w użytkowanie wieczyste ułamkowej części gruntu,. jako prawa związanego z odrębną własnością lokali, stosuje się następujące zasady:. 1) nie oddaje się gruntu we współużytkowanie wieczyste, jeżeli stanowi on. przedmiot współwłasności związanej z własnością uprzednio wyodrębnionych. lokali;"
Ustawa.pdf,4,1,46,"©Kancelaria Sejmu s 4/15 2023-09-21 2) nie sprzedaje się udziału we współwłasności gruntu, jeżeli grunt ten stanowi. przedmiot współużytkowania wieczystego związanego z własnością uprzednio. wyodrębnionych lokali; 3) ustala się jeden termin trwania prawa użytkowania wieczystego w odniesieniu do. wszystkich udziałów we współużytkowaniu wieczystym, niezależnie od daty."
Ustawa.pdf,4,2,28,"wyodrębnienia lokalu, z którym jest związany udział w tym prawie. 2 Jeżeli przy ustanowieniu odrębnej własności lokali ustanowiono różne. terminy trwania prawa współużytkowania wieczystego przynależnej do tych lokali."
Ustawa.pdf,4,3,51,"działki budowlanej, właściciele wyodrębnionych lokali mogą żądać zmiany terminów. przez przyjęcie jednego terminu dla wszystkich udziałów we współużytkowaniu. wieczystym tej działki Z żądaniem takim może wystąpić także właściwy organ. Termin ten ustanawia się stosownie do najdalszego terminu ustalonego dla pozo-. stałych udziałów Art 4 1 Dotychczasowemu właścicielowi nieruchomości przysługują co do."
Ustawa.pdf,4,4,64,"niewyodrębnionych lokali oraz co do nieruchomości wspólnej takie same. uprawnienia, jakie przysługują właścicielom lokali wyodrębnionych; odnosi się to. także do jego obowiązków. 2 Jeżeli do wyodrębniania własności lokali dochodzi sukcesywnie, właściciele. lokali już wyodrębnionych nie są stronami umów o wyodrębnieniu dalszych lokali. 3 Jeżeli budynek został wzniesiony na gruncie oddanym w użytkowanie. wieczyste, przedmiotem wspólności jest to prawo, a dalsze przepisy o własności lub."
Ustawa.pdf,4,5,27,"współwłasności gruntu stosuje się odpowiednio do prawa użytkowania wieczystego. Art 5 1 Jeżeli powierzchnia nieruchomości gruntowej zabudowanej. budynkiem, w którym wyodrębniono własność lokali, jest większa niż powierzchnia."
Ustawa.pdf,4,6,50,"działki budowlanej, w rozumieniu przepisów o gospodarce nieruchomościami,. niezbędnej do korzystania z niego, współwłaściciele mogą dokonać podziału tej. nieruchomości 2 Jeżeli na nieruchomości gruntowej jest położony więcej niż jeden budynek,. a przynajmniej w jednym z nich wyodrębniono własność lokalu, współwłaściciele. mogą dokonać podziału tej nieruchomości polegającego na wydzieleniu z do-."
Ustawa.pdf,4,7,25,"tychczasowej nieruchomości dwóch lub więcej działek budowlanych. 3 Przy dokonywaniu podziału, o którym mowa w ust. 1 i 2, stosuje się przepisy. o gospodarce nieruchomościami"
Ustawa.pdf,5,1,117,"©Kancelaria Sejmu s 5/15 2023-09-21 Art 6 Ogół właścicieli, których lokale wchodzą w skład określonej. nieruchomości, tworzy wspólnotę mieszkaniową. Wspólnota mieszkaniowa może nabywać prawa i zaciągać zobowiązania, pozywać i być pozwana. Rozdział 2 Ustanowienie własności lokalu Art 7 1 Odrębną własność lokalu można ustanowić w drodze umowy, a także. jednostronnej czynności prawnej właściciela nieruchomości albo orzeczenia sądu. znoszącego współwłasność 2 Umowa o ustanowieniu odrębnej własności lokalu powinna być dokonana. w formie aktu notarialnego; do powstania tej własności niezbędny jest wpis do księgi. wieczystej 3 W razie ustanowienia odrębnej własności lokalu bez zaświadczenia, o którym. mowa w art 2 ust 3, powództwo o stwierdzenie nieważności takiego ustanowienia. może wnieść również właściwy z uwagi na położenie nieruchomości wójt, burmistrz."
Ustawa.pdf,5,2,117,"albo prezydent miasta, starosta. Art 8 1 Umowa o ustanowieniu odrębnej własności lokalu powinna określać. w szczególności: 1) rodzaj, położenie i powierzchnię lokalu oraz pomieszczeń do niego. przynależnych; 2) wielkość udziałów przypadających właścicielom poszczególnych lokali. w nieruchomości wspólnej 2 Współwłaściciele mogą w umowie określić także sposób zarządu. nieruchomością wspólną 3 Umowa o ustanowieniu odrębnej własności lokalu może być zawarta albo. przez współwłaścicieli nieruchomości, albo przez właściciela nieruchomości. i nabywcę lokalu Art 9 1 Odrębna własność lokalu może powstać także w wykonaniu umowy. zobowiązującej właściciela gruntu do wybudowania na tym gruncie domu oraz do. ustanowienia – po zakończeniu budowy – odrębnej własności lokali i przeniesienia. tego prawa na drugą stronę umowy lub na inną wskazaną w umowie osobę."
Ustawa.pdf,5,3,25,"2 Do ważności umowy, o której mowa w ust. 1, niezbędne jest, aby strona. podejmująca się budowy była właścicielem gruntu, na którym dom ma być."
Ustawa.pdf,6,1,51,"©Kancelaria Sejmu s 6/15 2023-09-21 wzniesiony, oraz aby uzyskała pozwolenie na budowę, a roszczenie o ustanowienie. odrębnej własności lokalu i o przeniesienie tego prawa zostało ujawnione w księdze. wieczystej 3 W wypadku wykonywania umowy w sposób wadliwy albo sprzeczny. z umową, na wniosek każdego nabywcy, sąd może powierzyć, w trybie postępowania."
Ustawa.pdf,6,2,22,"nieprocesowego, dalsze wykonywanie umowy innemu wykonawcy na koszt. i niebezpieczeństwo właściciela gruntu. Art 10 Właściciel nieruchomości może ustanawiać odrębną własność lokali dla."
Ustawa.pdf,6,3,42,"siebie, na mocy jednostronnej czynności prawnej. W takim wypadku stosuje się. odpowiednio przepisy o ustanowieniu odrębnej własności w drodze umowy. Art 11 1 Przepisy o ustanowieniu odrębnej własności lokali w drodze umowy. stosuje się również odpowiednio do wyodrębnienia własności lokalu z mocy."
Ustawa.pdf,6,4,23,"orzeczenia sądu znoszącego współwłasność nieruchomości. 2 Jeżeli uczynienie zadość przesłance samodzielności lokali wymaga wykonania. robót adaptacyjnych, sąd może w postanowieniu wstępnym, uznającym żądanie."
Ustawa.pdf,6,5,56,"ustanowienia odrębnej własności lokali w zasadzie za usprawiedliwione, upoważnić. zainteresowanego uczestnika postępowania do ich wykonania – tymczasowo na jego. koszt W razie przeszkód stawianych przez innych uczestników, sąd –. w postanowieniu wstępnym lub w postanowieniu oddzielnym – może wydać stosowne. nakazy lub zakazy 3 Jeżeli wydzielenie lokalu byłoby sprzeczne z art. 2 ust 1a–2, sąd, znosząc"
Ustawa.pdf,6,6,23,"współwłasność nieruchomości, nie orzeka o jej podziale przez wydzielenie lokalu,. a ustala udziały współwłaścicieli w nieruchomości. Rozdział 3 Prawa i obowiązki właścicieli lokali."
Ustawa.pdf,6,7,26,Art 12 1 Właściciel lokalu ma prawo do współkorzystania z nieruchomości. wspólnej zgodnie z jej przeznaczeniem. 2 Pożytki i inne przychody z nieruchomości wspólnej służą pokrywaniu.
Ustawa.pdf,6,8,43,"wydatków związanych z jej utrzymaniem, a w części przekraczającej te potrzeby. przypadają właścicielom lokali w stosunku do ich udziałów. W takim samym stosunku. właściciele lokali ponoszą wydatki i ciężary związane z utrzymaniem nieruchomości. wspólnej w części nieznajdującej pokrycia w pożytkach i innych przychodach."
Ustawa.pdf,7,1,48,"©Kancelaria Sejmu s 7/15 2023-09-21 3 Uchwała właścicieli lokali może ustalić zwiększenie obciążenia z tego tytułu. właścicieli lokali użytkowych, jeżeli uzasadnia to sposób korzystania z tych lokali. Art 13 1 Właściciel ponosi wydatki związane z utrzymaniem jego lokalu, jest. obowiązany utrzymywać swój lokal w należytym stanie, przestrzegać porządku."
Ustawa.pdf,7,2,51,"domowego, uczestniczyć w kosztach zarządu związanych z utrzymaniem nie-. ruchomości wspólnej, korzystać z niej w sposób nieutrudniający korzystania przez. innych współwłaścicieli oraz współdziałać z nimi w ochronie wspólnego dobra. 2 Na żądanie zarządu właściciel lokalu jest obowiązany zezwalać na wstęp do. lokalu, ilekroć jest to niezbędne do przeprowadzenia konserwacji, remontu albo."
Ustawa.pdf,7,3,71,"usunięcia awarii w nieruchomości wspólnej, a także w celu wyposażenia budynku,. jego części lub innych lokali w dodatkowe instalacje. Art 14 Na koszty zarządu nieruchomością wspólną składają się. w szczególności: 1) wydatki na remonty i bieżącą konserwację;. 2) opłaty za dostawę energii elektrycznej i cieplnej, gazu i wody, w części. dotyczącej nieruchomości wspólnej, oraz opłaty za antenę zbiorczą i windę;. 3) ubezpieczenia, podatki i inne opłaty publicznoprawne, chyba że są pokrywane."
Ustawa.pdf,7,4,116,"bezpośrednio przez właścicieli poszczególnych lokali;. 4) wydatki na utrzymanie porządku i czystości;. 5) wynagrodzenie członków zarządu lub zarządcy. Art 15 1 Na pokrycie kosztów zarządu właściciele lokali uiszczają zaliczki. w formie bieżących opłat, płatne z góry do dnia 10 każdego miesiąca. 2 (uchylony) Art 16 1 Jeżeli właściciel lokalu zalega długotrwale z zapłatą należnych od. niego opłat lub wykracza w sposób rażący lub uporczywy przeciwko obowiązującemu. porządkowi domowemu albo przez swoje niewłaściwe zachowanie czyni korzystanie. z innych lokali lub nieruchomości wspólnej uciążliwym, wspólnota mieszkaniowa. może w trybie procesu żądać sprzedaży lokalu w drodze licytacji na podstawie. przepisów Kodeksu postępowania cywilnego o egzekucji z nieruchomości. 2 Właścicielowi, którego lokal został sprzedany, nie przysługuje prawo do. lokalu zamiennego"
Ustawa.pdf,8,1,68,"©Kancelaria Sejmu s 8/15 2023-09-21 Art 17 Za zobowiązania dotyczące nieruchomości wspólnej odpowiada. wspólnota mieszkaniowa bez ograniczeń, a każdy właściciel lokalu – w części. odpowiadającej jego udziałowi w tej nieruchomości. Rozdział 4 Zarząd nieruchomością wspólną Art 18 1 Właściciele lokali mogą w umowie o ustanowieniu odrębnej. własności lokali albo w umowie zawartej później w formie aktu notarialnego określić. sposób zarządu nieruchomością wspólną, a w szczególności mogą powierzyć zarząd."
Ustawa.pdf,8,2,22,osobie fizycznej albo prawnej. 2 W razie sukcesywnego wyodrębniania lokali przyjęty przez dotychczasowych. współwłaścicieli sposób zarządu nieruchomością wspólną odnosi skutek także do.
Ustawa.pdf,8,3,68,"każdego kolejnego nabywcy lokalu. 2a Zmiana ustalonego w trybie ust. 1 sposobu zarządu nieruchomością wspólną. może nastąpić na podstawie uchwały właścicieli lokali zaprotokołowanej przez. notariusza Uchwała ta stanowi podstawę wpisu do księgi wieczystej. 3 Jeżeli sposobu zarządu nie określono w umowie, o której mowa w ust. 1, lub w uchwale zaprotokołowanej przez notariusza, obowiązują zasady określone. w niniejszym rozdziale Art 19 Jeżeli liczba lokali wyodrębnionych i lokali niewyodrębnionych,."
Ustawa.pdf,8,4,48,"należących nadal do dotychczasowego właściciela, nie jest większa niż trzy, do. zarządu nieruchomością wspólną mają odpowiednie zastosowanie przepisy Kodeksu. cywilnego i Kodeksu postępowania cywilnego o współwłasności. Art 20 1 Jeżeli liczba lokali wyodrębnionych i lokali niewyodrębnionych jest. większa niż trzy, właściciele lokali są obowiązani podjąć uchwałę o wyborze."
Ustawa.pdf,8,5,24,jednoosobowego lub kilkuosobowego zarządu. Członkiem zarządu może być. wyłącznie osoba fizyczna 2 Zarząd lub poszczególni jego członkowie mogą być w każdej chwili na mocy.
Ustawa.pdf,8,6,30,uchwały właścicieli lokali zawieszeni w czynnościach lub odwołani. Art 21 1 Zarząd kieruje sprawami wspólnoty mieszkaniowej i reprezentuje ją. na zewnątrz oraz w stosunkach między wspólnotą a poszczególnymi właścicielami. lokali
Ustawa.pdf,9,1,96,"©Kancelaria Sejmu s 9/15 2023-09-21 2 Gdy zarząd jest kilkuosobowy, oświadczenia woli za wspólnotę mieszkaniową. składają przynajmniej dwaj jego członkowie. 3 Zarząd na podstawie pełnomocnictwa, o którym mowa w art. 22 ust 2, składa oświadczenia w celu wykonania uchwał w sprawach, o których mowa w art. 22 ust 3 pkt 5, 5a i 6, ze skutkiem w stosunku do właścicieli wszystkich lokali. 4 (uchylony) 5 (uchylony) Art 22 1 Czynności zwykłego zarządu podejmuje zarząd samodzielnie. 2 Do podjęcia przez zarząd czynności przekraczającej zakres zwykłego zarządu. potrzebna jest uchwała właścicieli lokali wyrażająca zgodę na dokonanie tej czynności."
Ustawa.pdf,9,2,26,oraz udzielająca zarządowi pełnomocnictwa do zawierania umów stanowiących. czynności przekraczające zakres zwykłego zarządu w formie prawem przewidzianej. 3 Czynnościami przekraczającymi zakres zwykłego zarządu są w szczególności:.
Ustawa.pdf,9,3,21,1) ustalenie wynagrodzenia zarządu lub zarządcy nieruchomości wspólnej;. 2) przyjęcie rocznego planu gospodarczego;. 3) ustalenie wysokości opłat na pokrycie kosztów zarządu;.
Ustawa.pdf,9,4,44,"4) zmiana przeznaczenia części nieruchomości wspólnej;. 5) udzielenie zgody na nadbudowę lub przebudowę nieruchomości wspólnej, na. ustanowienie odrębnej własności lokalu powstałego w następstwie nadbudowy. lub przebudowy i rozporządzenie tym lokalem oraz na zmianę wysokości. udziałów w następstwie powstania odrębnej własności lokalu nadbudowanego. lub przebudowanego;"
Ustawa.pdf,9,5,28,"5a) udzielenie zgody na zmianę wysokości udziałów we współwłasności. nieruchomości wspólnej; 6) dokonanie podziału nieruchomości wspólnej;. 6a) nabycie nieruchomości; 7) wytoczenie powództwa, o którym mowa w art. 16;"
Ustawa.pdf,9,6,59,"8) ustalenie, w wypadkach nieuregulowanych przepisami, części kosztów. związanych z eksploatacją urządzeń lub części budynku służących zarówno do. użytku poszczególnych właścicieli lokali, jak i do wspólnego użytku właścicieli. co najmniej dwóch lokali, które zaliczane będą do kosztów zarządu. nieruchomością wspólną; 9) udzielenie zgody na podział nieruchomości gruntowej zabudowanej więcej niż. jednym budynkiem mieszkalnym i związane z tym zmiany udziałów."
Ustawa.pdf,10,1,29,"©Kancelaria Sejmu s 10/15 2023-09-21 w nieruchomości wspólnej oraz ustalenie wysokości udziałów w nowo. powstałych, odrębnych nieruchomościach wspólnych;. 10) określenie zakresu i sposobu prowadzenia przez zarząd lub zarządcę, któremu."
Ustawa.pdf,10,2,167,"zarząd nieruchomością wspólną powierzono w sposób określony w art. 18 ust 1, ewidencji pozaksięgowej kosztów zarządu nieruchomością wspólną, zaliczek. uiszczanych na pokrycie tych kosztów, a także rozliczeń z innych tytułów na. rzecz nieruchomości wspólnej 4 Połączenie dwóch lokali stanowiących odrębne nieruchomości w jedną. nieruchomość lub podział lokalu wymaga zgody właścicieli lokali wyrażonej. w uchwale W razie odmowy zainteresowany właściciel lokalu może żądać rozstrzyg-. nięcia przez sąd Art 23 1 Uchwały właścicieli lokali są podejmowane bądź na zebraniu, bądź. w drodze indywidualnego zbierania głosów przez zarząd; uchwała może być. wynikiem głosów oddanych częściowo na zebraniu, częściowo w drodze. indywidualnego ich zbierania 2 Uchwały zapadają większością głosów właścicieli lokali, liczoną według. wielkości udziałów, chyba że w umowie lub w uchwale podjętej w tym trybie. postanowiono, że w określonej sprawie na każdego właściciela przypada jeden głos. 2a Jeżeli suma udziałów w nieruchomości wspólnej nie jest równa 1 albo. większość udziałów należy do jednego właściciela bądź gdy obydwa te warunki. spełnione są łącznie, głosowanie według zasady, że na każdego właściciela przypada."
Ustawa.pdf,10,3,47,"jeden głos, wprowadza się na każde żądanie właścicieli lokali posiadających łącznie. co najmniej 1/5 udziałów w nieruchomości wspólnej. 2b Jeżeli lokal jest przedmiotem współwłasności w częściach ułamkowych,. współwłaściciele celem oddania głosu przypadającego na ich lokal w głosowaniu. prowadzonym według zasady, że na każdego właściciela przypada jeden głos,."
Ustawa.pdf,10,4,61,"obowiązani są ustanowić w formie pisemnej pełnomocnika. Ustanowienia pełnomocnika współwłaściciele lokalu dokonują większością głosów liczoną według. wielkości udziałów we współwłasności lokalu. 3 O treści uchwały, która została podjęta z udziałem głosów zebranych. indywidualnie, każdy właściciel lokalu powinien zostać powiadomiony na piśmie. Art 24 W razie braku zgody wymaganej większości właścicieli lokali zarząd. lub zarządca, któremu zarząd nieruchomością wspólną powierzono w sposób."
Ustawa.pdf,11,1,29,"©Kancelaria Sejmu s 11/15 2023-09-21 określony w art 18 ust 1, może żądać rozstrzygnięcia przez sąd, który orzeknie mając. na względzie cel zamierzonej czynności oraz interesy wszystkich właścicieli. Sprawę"
Ustawa.pdf,11,2,31,sąd rozpoznaje w postępowaniu nieprocesowym. Art 25 1 Właściciel lokalu może zaskarżyć uchwałę do sądu z powodu jej. niezgodności z przepisami prawa lub z umową właścicieli lokali albo jeśli narusza ona.
Ustawa.pdf,11,3,45,"zasady prawidłowego zarządzania nieruchomością wspólną lub w inny sposób narusza. jego interesy 1a Powództwo, o którym mowa w ust. 1, może być wytoczone przeciwko. wspólnocie mieszkaniowej w terminie 6 tygodni od dnia podjęcia uchwały na zebraniu. ogółu właścicieli lokali albo od dnia powiadomienia wytaczającego powództwo."
Ustawa.pdf,11,4,66,"o treści uchwały podjętej w trybie indywidualnego zbierania głosów. 2 Zaskarżona uchwała podlega wykonaniu, chyba że sąd wstrzyma jej. wykonanie do czasu zakończenia sprawy. Art 26 1 Jeżeli zarząd nie został powołany lub pomimo powołania nie. wypełnia swoich obowiązków albo narusza zasady prawidłowej gospodarki, każdy. właściciel lokalu może żądać ustanowienia zarządcy przymusowego przez sąd, który. określi zakres jego uprawnień oraz należne mu wynagrodzenie. Sąd odwoła zarządcę,"
Ustawa.pdf,11,5,46,"gdy ustaną przyczyny jego powołania. 2 Jeżeli w terminie dwóch lat od dnia wyodrębnienia własności pierwszego. lokalu w nieruchomości, w której liczba lokali wyodrębnionych i lokali. niewyodrębnionych jest większa niż trzy, właściciele lokali nie dokonają wyboru. zarządu ani nie powierzą zarządu nieruchomością wspólną w umowie zawartej."
Ustawa.pdf,11,6,48,"w formie aktu notarialnego, ustanowienia zarządcy przymusowego przez sąd może. żądać także dotychczasowy zarządca nieruchomości, który sprawował zarząd. nieruchomością w dniu, w którym wyodrębniono własność pierwszego lokalu,. i kontynuował zarząd tą nieruchomością przez okres co najmniej dwóch lat. Art 27 Każdy właściciel lokalu ma prawo i obowiązek współdziałania."
Ustawa.pdf,11,7,35,w zarządzie nieruchomością wspólną. Nie uchybia to jednak przepisom art. 21 ust 1 i art 22 ust 1 Art 28 Właściciel lokalu pełniący obowiązki członka zarządu może żądać od. wspólnoty wynagrodzenia odpowiadającego uzasadnionemu nakładowi pracy.
Ustawa.pdf,12,1,28,"©Kancelaria Sejmu s 12/15 2023-09-21 Art 29 1 Zarząd lub zarządca, któremu zarząd nieruchomością wspólną. powierzono w sposób określony w art. 18 ust 1, jest obowiązany prowadzić dla."
Ustawa.pdf,12,2,29,"każdej nieruchomości wspólnej, określoną przez wspólnotę mieszkaniową, ewidencję. pozaksięgową kosztów zarządu nieruchomością wspólną oraz zaliczek uiszczanych na. pokrycie tych kosztów, a także rozliczeń z innych tytułów na rzecz nieruchomości."
Ustawa.pdf,12,3,31,"wspólnej 1a Okresem rozliczeniowym wspólnoty mieszkaniowej jest rok kalendarzowy. 1b Zarząd lub zarządca, któremu zarząd nieruchomością wspólną powierzono. w sposób określony w art. 18 ust 1, jest obowiązany sporządzić protokół przejęcia."
Ustawa.pdf,12,4,25,"nieruchomości i jej dokumentacji technicznej (budowlanej, powykonawczej i książki. obiektu budowlanego) w imieniu wspólnoty mieszkaniowej, przechowywać. dokumentację techniczną budynku oraz prowadzić i aktualizować spis właścicieli."
Ustawa.pdf,12,5,30,"lokali i przypadających im udziałów w nieruchomości wspólnej. 1c Zarząd lub zarządca, któremu zarząd nieruchomością wspólną powierzono. w sposób określony w art. 18 ust 1, jest obowiązany do podjęcia czynności."
Ustawa.pdf,12,6,29,"zmierzających do opracowania lub aktualizacji dokumentacji technicznej budynku. i rozliczenia kosztów związanych z opracowaniem lub aktualizacją tej dokumentacji. 1d Jeżeli uchwała właścicieli lokali nie stanowi inaczej, koszty opracowania lub."
Ustawa.pdf,12,7,26,aktualizacji dokumentacji technicznej budynku obciążają:. 1) do czasu wyodrębnienia własności ostatniego lokalu – dotychczasowego. właściciela nieruchomości; 2) po wyodrębnieniu własności ostatniego lokalu – wszystkich właścicieli lokali.
Ustawa.pdf,12,8,31,"w częściach odpowiadających ich udziałom w nieruchomości wspólnej. 1e Zarząd lub zarządca, któremu zarząd nieruchomością wspólną powierzono. w sposób określony w art. 18 ust 1, może żądać od właścicieli lokali okazania."
Ustawa.pdf,12,9,22,"dokumentów potwierdzających prawo własności lokali. 2 Właściciele lokali podejmują uchwałę w przedmiocie udzielenia absolutorium. zarządowi lub zarządcy, któremu zarząd nieruchomością wspólną powierzono."
Ustawa.pdf,12,10,58,"w sposób określony w art. 18 ust 1, z prowadzonej przez niego działalności. 3 Prawo kontroli działalności zarządu służy każdemu właścicielowi lokalu. Art 30 1 Zarząd lub zarządca, któremu zarząd nieruchomością wspólną. powierzono w sposób określony w art. 18 ust 1, jest obowiązany: 1) dokonywać rozliczeń przez rachunek bankowy;. 2) składać właścicielom lokali roczne sprawozdanie ze swojej działalności;."
Ustawa.pdf,13,1,24,"©Kancelaria Sejmu s 13/15 2023-09-21 3) zwoływać zebranie ogółu właścicieli lokali co najmniej raz w roku, nie później. niż w pierwszym kwartale każdego roku."
Ustawa.pdf,13,2,24,"1a W wypadku gdy zarząd lub zarządca, któremu zarząd nieruchomością. wspólną powierzono w sposób określony w art. 18 ust 1, nie zwoła zebrania ogółu."
Ustawa.pdf,13,3,30,"właścicieli lokali w terminie, o którym mowa w ust. 1 pkt 3, zebranie coroczne może. zwołać każdy z właścicieli. 2 Przedmiotem zebrania, o którym mowa w ust. 1, powinny być"
Ustawa.pdf,13,4,46,"w szczególności: 1) uchwalenie rocznego planu gospodarczego zarządu nieruchomością wspólną. i opłat na pokrycie kosztów zarządu;. 2) ocena pracy zarządu lub zarządcy, któremu zarząd nieruchomością wspólną. powierzono w sposób określony w art. 18 ust 1; 3) sprawozdanie zarządu i podjęcie uchwały w przedmiocie udzielenia mu. absolutorium"
Ustawa.pdf,13,5,120,"Art 31 Zebrania ogółu właścicieli lokali:. a) mogą być także, w razie potrzeby, zwoływane przez zarząd lub zarządcę,. któremu zarząd nieruchomością wspólną powierzono w sposób określony. w art 18 ust 1, b) zwoływane są na wniosek właścicieli lokali dysponujących co najmniej. 1/10 udziałów w nieruchomości wspólnej przez zarząd lub zarządcę, któremu. zarząd nieruchomością wspólną powierzono w sposób określony w art. 18 ust 1 Art 32 1 O zebraniu ogółu właścicieli lokali zarząd lub zarządca, któremu. zarząd nieruchomością wspólną powierzono w sposób określony w art. 18 ust 1, zawiadamia każdego właściciela lokalu na piśmie przynajmniej na tydzień przed. terminem zebrania 2 W zawiadomieniu należy podać dzień, godzinę, miejsce i porządek obrad. W wypadku zamierzonej zmiany we wzajemnych prawach i obowiązkach właścicieli."
Ustawa.pdf,13,6,45,"lokali należy wskazać treść tej zmiany. Art 32a Jeżeli grunt wchodzący w skład nieruchomości wspólnej nie spełnia. wymogów przewidzianych dla działki budowlanej, uniemożliwiając prawidłowe. i racjonalne korzystanie z budynków i urządzeń z nimi związanych, zarząd lub. zarządca, któremu zarząd nieruchomością wspólną powierzono w sposób określony."
Ustawa.pdf,14,1,27,"©Kancelaria Sejmu s 14/15 2023-09-21 w art 18 ust 1, jest obowiązany przedstawić właścicielom lokali projekty uchwał. w sprawie: 1) wyrażenia zgody na nabycie przyległych nieruchomości gruntowych."
Ustawa.pdf,14,2,28,"umożliwiających spełnienie wymogów przewidzianych dla działek. budowlanych; 2) udzielenia zarządowi lub zarządcy, któremu zarząd nieruchomością wspólną. powierzono w sposób określony w art. 18 ust 1, pełnomocnictwa do wykonania."
Ustawa.pdf,14,3,26,"odpowiednich, prawem przewidzianych, czynności zmierzających do nabycia. przyległych nieruchomości gruntowych na rzecz wspólnoty mieszkaniowej. Art 33 W razie powierzenia zarządu osobie fizycznej lub prawnej, w trybie."
Ustawa.pdf,14,4,48,"przewidzianym w art 18 ust 1, w braku odmiennych postanowień umowy, stosuje się. odpowiednio przepisy niniejszego rozdziału. Rozdział 5 Zmiany w przepisach obowiązujących, przepisy przejściowe i końcowe. Art 34–38 (pominięte) Art 39 1 (pominięty) 2 Minister Sprawiedliwości, w drodze rozporządzenia, określa tryb egzekucji. z lokali stanowiących odrębne nieruchomości."
Ustawa.pdf,14,5,26,"Art 40 1 Państwowe lub komunalne jednostki organizacyjne, sprawujące na. podstawie przepisów dotychczasowych zarząd nieruchomościami wspólnymi, są. obowiązane zapewnić dla każdej z zarządzanych nieruchomości wspólnych ewidencję."
Ustawa.pdf,14,6,78,"umożliwiającą najpóźniej od dnia 1 października 1994 r. ustalenie kosztów i przychodów dla każdej wspólnej nieruchomości oraz powiadomić współwłaścicieli,. nie później niż do dnia 30 listopada 1994 r. , o zmianach, jakie wprowadza niniejsza. ustawa co do sposobu zarządzania nieruchomością wspólną oraz co do ponoszenia. jego kosztów 2 Do czasu uregulowania tych spraw przez właścicieli do zarządu, o którym. mowa w ust 1, stosuje się odpowiednio przepisy niniejszej ustawy dotyczące zarządu. zleconego przez właścicieli osobie fizycznej lub prawnej."
Ustawa.pdf,15,1,42,"©Kancelaria Sejmu s 15/15 2023-09-21 Art 41 Ustawa wchodzi w życie z dniem 1 stycznia 1995 r. , z wyjątkiem przepisu art 40 ust 1, który wchodzi w życie z dniem ogłoszenia1). 1) Ustawa została ogłoszona w dniu 27 lipca 1994 r."
